{
    "alpha_0.01_diff_False_lb_60_yrs_2": {
        "preprocessing_time_seconds": 0.7404747009277344,
        "selected_features_count": 22,
        "selected_features_names": "High_^AEX, Low_^AEX, Volume_^AEX, DayOfWeek, Month, SMA_20, SMA_100, EMA_5, EMA_200, MACD_Diff, RSI, BB_pband, ATR, OBV, Stoch_K, Stoch_D, Williams_R, ROC, ADX_Pos, Volatility_Ret_10D, Volatility_Ret_10D_Raw, GARCH_Volatility",
        "used_differencing": false,
        "plot_directory": "performance_evaluation_report/alpha_0.01_diff_False_lb_60_yrs_2",
        "model_training_time_seconds": 6.373265743255615,
        "final_val_loss": 3.313901424407959,
        "best_val_loss": 3.313901424407959,
        "epochs_trained": 1,
        "test_set_prediction_time_seconds": 0.9823541641235352,
        "overall_mse": 849.5442280492435,
        "overall_mae": 22.05624796549479,
        "overall_rmse": 29.146942001679072,
        "overall_rmse_perc_mean": 3.21614646850463,
        "overall_mape": 2.502737990931115,
        "bias_me": -19.531155734592016,
        "bias_mpe": -2.227738333386078,
        "low_vol_mse": 251.76176732292654,
        "low_vol_mae": 13.788982888926636,
        "low_vol_rmse": 15.867002468107406,
        "mid_vol_mse": 373.1160814506425,
        "mid_vol_mae": 16.56805697354403,
        "mid_vol_rmse": 19.316212916890375,
        "high_vol_mse": 2358.754447485928,
        "high_vol_mae": 40.8226610266644,
        "high_vol_rmse": 48.567009867665604,
        "latency_single_pred_ms": 534.8434925079346
    }
}