{
    "alpha_0.005_diff_False_lb_60_yrs_3": {
        "preprocessing_time_seconds": 0.1256117820739746,
        "selected_features_count": 27,
        "selected_features_names": "High_^AEX, Low_^AEX, Volume_^AEX, DayOfWeek, Month, SMA_20, SMA_200, EMA_5, MACD_Diff, RSI, BB_Lower, BB_pband, BB_wband, ATR, OBV, Stoch_K, Stoch_D, Williams_R, CCI, ROC, ADX, Volatility_Ret_5D, Volatility_Ret_5D_Raw, Volatility_Ret_10D, Volatility_Ret_10D_Raw, Volatility_Ret_60D, GARCH_Volatility",
        "used_differencing": false,
        "plot_directory": "performance_evaluation_report/alpha_0.005_diff_False_lb_60_yrs_3",
        "model_training_time_seconds": 27.999931812286377,
        "final_val_loss": 1.2997406721115112,
        "best_val_loss": 1.2997406721115112,
        "epochs_trained": 20,
        "test_set_prediction_time_seconds": 1.0100550651550293,
        "overall_mse": 2062.287156594825,
        "overall_mae": 42.90363111563608,
        "overall_rmse": 45.412411922235805,
        "overall_rmse_perc_mean": 5.028132766728348,
        "overall_mape": 4.739659005707773,
        "bias_me": 41.25888775764628,
        "bias_mpe": 4.536485203455571,
        "low_vol_mse": 1305.6277337299862,
        "low_vol_mae": 35.392361111111114,
        "low_vol_rmse": 36.133471099937054,
        "mid_vol_mse": 1705.1266607886746,
        "mid_vol_mae": 39.82273179206295,
        "mid_vol_rmse": 41.29317934948428,
        "high_vol_mse": 3503.5041964214506,
        "high_vol_mae": 56.31995815700955,
        "high_vol_rmse": 59.190406287011164,
        "latency_single_pred_ms": 93.34533214569092
    },
    "alpha_0.01_diff_False_lb_60_yrs_3": {
        "preprocessing_time_seconds": 0.09904813766479492,
        "selected_features_count": 22,
        "selected_features_names": "High_^AEX, Low_^AEX, Volume_^AEX, Month, SMA_20, SMA_100, SMA_200, EMA_5, MACD_Diff, RSI, BB_Lower, BB_pband, ATR, OBV, Stoch_K, Stoch_D, Williams_R, ROC, ADX, Volatility_Ret_10D, Volatility_Ret_10D_Raw, GARCH_Volatility",
        "used_differencing": false,
        "plot_directory": "performance_evaluation_report/alpha_0.01_diff_False_lb_60_yrs_3",
        "model_training_time_seconds": 47.249746799468994,
        "final_val_loss": 1.2536122798919678,
        "best_val_loss": 1.2536122798919678,
        "epochs_trained": 20,
        "test_set_prediction_time_seconds": 1.1797380447387695,
        "overall_mse": 594.6375110056116,
        "overall_mae": 21.436729918134972,
        "overall_rmse": 24.385190403308552,
        "overall_rmse_perc_mean": 2.699966148015791,
        "overall_mape": 2.3709692718524376,
        "bias_me": 17.418357037483382,
        "bias_mpe": 1.8783048787573402,
        "low_vol_mse": 254.6976559316325,
        "low_vol_mae": 13.871631198459205,
        "low_vol_rmse": 15.959249854915878,
        "mid_vol_mse": 530.1718229003574,
        "mid_vol_mae": 21.255148182744566,
        "mid_vol_rmse": 23.025460318967728,
        "high_vol_mse": 1058.1366016146612,
        "high_vol_mae": 29.349860297309014,
        "high_vol_rmse": 32.52901169132965,
        "latency_single_pred_ms": 92.90828704833984
    }
}