{
    "alpha_0.005_diff_False_lb_60_yrs_15": {
        "preprocessing_time_seconds": 0.9415106773376465,
        "selected_features_count": 19,
        "selected_features_names": "High_^AEX, Low_^AEX, DayOfWeek, Month, MACD_Diff, RSI, BB_pband, ATR, OBV, Stoch_K, Stoch_D, Williams_R, CCI, ROC, ADX_Pos, ADX_Neg, Volatility_Ret_5D, Volatility_Ret_60D, Volatility_Ret_60D_Raw",
        "used_differencing": false,
        "plot_directory": "performance_evaluation_report/alpha_0.005_diff_False_lb_60_yrs_15",
        "model_training_time_seconds": 7283.912810087204,
        "final_val_loss": 0.002483114367350936,
        "best_val_loss": 0.002483114367350936,
        "epochs_trained": 50,
        "test_set_prediction_time_seconds": 4.186905145645142,
        "overall_mse": 4174.278942633011,
        "overall_mae": 58.547581021747895,
        "overall_rmse": 64.60865996623836,
        "overall_rmse_perc_mean": 7.972142405645802,
        "overall_mape": 6.978443417333277,
        "bias_me": 58.29963958578766,
        "bias_mpe": 6.941771914176403,
        "low_vol_mse": 4022.1963329316163,
        "low_vol_mae": 60.36395134496941,
        "low_vol_rmse": 63.420787861170695,
        "mid_vol_mse": 4695.833743886747,
        "mid_vol_mae": 63.0354409192605,
        "mid_vol_rmse": 68.52615372167583,
        "high_vol_mse": 3283.2519498269353,
        "high_vol_mae": 47.755490903501155,
        "high_vol_rmse": 57.299667973095055,
        "latency_single_pred_ms": 634.6624374389648
    }
}