{
    "alpha_0.005_diff_False_lb_60_yrs_3": {
        "preprocessing_time_seconds": 0.155806303024292,
        "selected_features_count": 22,
        "selected_features_names": "High_^AEX, Low_^AEX, Volume_^AEX, DayOfWeek, Month, SMA_20, SMA_200, EMA_5, MACD_Diff, RSI, BB_Lower, BB_pband, BB_wband, ATR, OBV, Stoch_K, Stoch_D, Williams_R, CCI, ROC, ADX, Volatility_Ret_60D",
        "used_differencing": false,
        "plot_directory": "performance_evaluation_report/alpha_0.005_diff_False_lb_60_yrs_3",
        "model_training_time_seconds": 26.107746362686157,
        "final_val_loss": 0.008455670438706875,
        "best_val_loss": 0.0008472923072986305,
        "epochs_trained": 20,
        "test_set_prediction_time_seconds": 0.5291588306427002,
        "overall_mse": 432.27926085057044,
        "overall_mae": 14.455991920849952,
        "overall_rmse": 20.79132657745942,
        "overall_rmse_perc_mean": 2.302047964483599,
        "overall_mape": 1.6227075874012724,
        "bias_me": 1.5022020272329377,
        "bias_mpe": 0.11161702355002756,
        "low_vol_mse": 81.93609562350652,
        "low_vol_mae": 6.888014051649309,
        "low_vol_rmse": 9.051855921495134,
        "mid_vol_mse": 180.18243798575725,
        "mid_vol_mae": 10.811450018398999,
        "mid_vol_rmse": 13.423205205380615,
        "high_vol_mse": 1265.808003235193,
        "high_vol_mae": 29.009341769748257,
        "high_vol_rmse": 35.578195615224686,
        "latency_single_pred_ms": 444.4726228713989
    },
    "alpha_0.01_diff_False_lb_60_yrs_3": {
        "preprocessing_time_seconds": 0.09983277320861816,
        "selected_features_count": 19,
        "selected_features_names": "High_^AEX, Low_^AEX, Volume_^AEX, Month, SMA_20, SMA_100, SMA_200, EMA_5, MACD_Diff, RSI, BB_Lower, BB_pband, ATR, OBV, Stoch_K, Stoch_D, Williams_R, ROC, ADX",
        "used_differencing": false,
        "plot_directory": "performance_evaluation_report/alpha_0.01_diff_False_lb_60_yrs_3",
        "model_training_time_seconds": 17.39812469482422,
        "final_val_loss": 0.0014007985591888428,
        "best_val_loss": 0.0009595192968845367,
        "epochs_trained": 15,
        "test_set_prediction_time_seconds": 0.5392954349517822,
        "overall_mse": 405.2057820240175,
        "overall_mae": 13.477269382341523,
        "overall_rmse": 20.129723843709765,
        "overall_rmse_perc_mean": 2.228794282432529,
        "overall_mape": 1.5268178673926853,
        "bias_me": -5.777677495428853,
        "bias_mpe": -0.6923281873963482,
        "low_vol_mse": 79.89075162965393,
        "low_vol_mae": 7.304877387152768,
        "low_vol_rmse": 8.938162654016425,
        "mid_vol_mse": 165.07819602028374,
        "mid_vol_mae": 9.871940281080155,
        "mid_vol_rmse": 12.848275994089002,
        "high_vol_mse": 1190.7653522588707,
        "high_vol_mae": 26.559875488281236,
        "high_vol_rmse": 34.50746806502718,
        "latency_single_pred_ms": 453.09739112854004
    }
}